id,text,next
start,"Lorem ipsum dolor sit amet, consectetur adipiscing elit, sed do eiusmod tempor incididunt ut labore et dolore magna aliqua. Nunc non blandit massa enim nec. Magna sit amet purus gravida quis blandit turpis cursus in. Nibh sit amet commodo nulla. Eget nunc scelerisque viverra mauris in. Mi tempus imperdiet nulla malesuada pellentesque elit. Sagittis aliquam malesuada bibendum arcu vitae. Velit sed ullamcorper morbi tincidunt ornare massa eget. Id consectetur purus ut faucibus pulvinar elementum. Vitae tortor condimentum lacinia quis vel eros. Vitae elementum curabitur vitae nunc sed. Molestie a iaculis at erat pellentesque adipiscing commodo elit at.

Purus in mollis nunc sed id semper risus in. Non diam phasellus vestibulum lorem. Arcu vitae elementum curabitur vitae. Purus semper eget duis at tellus. Quis lectus nulla at volutpat diam ut venenatis. Nibh tortor id aliquet lectus proin nibh nisl. Etiam non quam lacus suspendisse faucibus interdum. A scelerisque purus semper eget duis at tellus at urna. Non enim praesent elementum facilisis leo vel fringilla est. Auctor augue mauris augue neque gravida. At consectetur lorem donec massa. Faucibus scelerisque eleifend donec pretium. Lacus sed turpis tincidunt id aliquet risus. Facilisis volutpat est velit egestas dui id ornare arcu odio. Eu sem integer vitae justo eget. Tortor id aliquet lectus proin. Pretium aenean pharetra magna ac placerat vestibulum lectus mauris.

Nunc eget lorem dolor sed viverra ipsum. Urna et pharetra pharetra massa massa ultricies mi quis. In est ante in nibh mauris cursus mattis molestie. Neque sodales ut etiam sit amet nisl purus in mollis. Purus sit amet volutpat consequat mauris nunc congue nisi. Arcu dui vivamus arcu felis bibendum ut tristique. Praesent elementum facilisis leo vel fringilla. Molestie a iaculis at erat pellentesque. At elementum eu facilisis sed odio morbi quis commodo odio. Arcu felis bibendum ut tristique et egestas quis ipsum suspendisse. Vitae turpis massa sed elementum tempus egestas sed. Risus ultricies tristique nulla aliquet. Morbi blandit cursus risus at ultrices mi. Libero nunc consequat interdum varius sit. Ut enim blandit volutpat maecenas volutpat blandit aliquam. Magnis dis parturient montes nascetur ridiculus. Nunc sed id semper risus in hendrerit gravida. Mattis aliquam faucibus purus in massa tempor nec feugiat. Viverra vitae congue eu consequat ac felis donec et odio. Sed elementum tempus egestas sed sed risus pretium.

Nam libero justo laoreet sit. At risus viverra adipiscing at in tellus. Congue quisque egestas diam in arcu cursus euismod quis viverra. Dapibus ultrices in iaculis nunc sed augue lacus viverra. Porttitor massa id neque aliquam vestibulum morbi blandit cursus. Scelerisque varius morbi enim nunc. Non nisi est sit amet. Mattis vulputate enim nulla aliquet porttitor lacus luctus accumsan. Massa tempor nec feugiat nisl pretium fusce. Massa tempor nec feugiat nisl pretium fusce. Enim nunc faucibus a pellentesque. Venenatis tellus in metus vulputate. Eu tincidunt tortor aliquam nulla facilisi cras fermentum. Suspendisse faucibus interdum posuere lorem ipsum dolor sit amet consectetur.

Aliquet bibendum enim facilisis gravida neque convallis a cras. At auctor urna nunc id cursus. Ipsum faucibus vitae aliquet nec ullamcorper sit amet risus. Cras ornare arcu dui vivamus arcu. Mi sit amet mauris commodo quis imperdiet massa. Malesuada nunc vel risus commodo viverra maecenas accumsan lacus vel. Egestas egestas fringilla phasellus faucibus scelerisque eleifend donec. Suspendisse sed nisi lacus sed viverra tellus. Volutpat est velit egestas dui. Tempus imperdiet nulla malesuada pellentesque elit.",click me to continue
